Experiment Accession,Experiment Title,Organism Name,Instrument,Submitter,Study Accession,Study Title,Sample Accession,Sample Title,"Total Size, Mb",Total RUNs,Total Spots,Total Bases,Library Name,Library Strategy,Library Source,Library Selection
SRX27795457,ATAC-seq of CC_2; Whole soft tissues,Magallana gigas,Illumina NovaSeq 6000,Ocean University of China,SRP566191,ATAC-seq data from Crassostrea gigas strains with growth differences,SRS24172475,,8349.76,1,86258280,25865031608,CC-2,ATAC-seq,GENOMIC,RANDOM PCR
SRX24616609,Bisulfite-Seq of 48hg3; gill,Magallana gigas,Illumina NovaSeq 6000,Ocean University of China,SRP508865,Comparative DNA methylome analysis of Crassostrea gigas infected by Vibrio alginolyticus,SRS21353775,,10436.86,1,101404219,30421265700,FRAS202415259-1r,Bisulfite-Seq,GENOMIC,PCR
SRX15119865,WGBS of HH2; soft tissue,Magallana gigas,Illumina NovaSeq 6000,Ocean University of China,SRP373285,Comparative DNA methylome analysis of Crassostrea gigas with contrasted growth performance.,SRS12864002,,9630.34,1,97421818,29226545400,BDLM200001653-1A,Bisulfite-Seq,GENOMIC,PCR
SRX15119864,WGBS of HH1; soft tissue,Magallana gigas,Illumina NovaSeq 6000,Ocean University of China,SRP373285,Comparative DNA methylome analysis of Crassostrea gigas with contrasted growth performance.,SRS12864001,,7273.4,1,75280937,22584281100,BDLM200001727-1A,Bisulfite-Seq,GENOMIC,PCR
SRX15119863,WGBS of CC3; soft tissue,Magallana gigas,Illumina NovaSeq 6000,Ocean University of China,SRP373285,Comparative DNA methylome analysis of Crassostrea gigas with contrasted growth performance.,SRS12864000,,8562.79,1,89722924,26916877200,BDLM200001657-1A,Bisulfite-Seq,GENOMIC,PCR
SRX15119862,WGBS of CC2; soft tissue,Magallana gigas,Illumina NovaSeq 6000,Ocean University of China,SRP373285,Comparative DNA methylome analysis of Crassostrea gigas with contrasted growth performance.,SRS12863999,,8188.33,1,86410545,25923163500,BDLM200001656-1A,Bisulfite-Seq,GENOMIC,PCR
SRX15119861,WGBS of CC1; soft tissue,Magallana gigas,Illumina NovaSeq 6000,Ocean University of China,SRP373285,Comparative DNA methylome analysis of Crassostrea gigas with contrasted growth performance.,SRS12863998,,8572.81,1,90656108,27196832400,BDLM200001655-1A,Bisulfite-Seq,GENOMIC,PCR
SRX27795456,ATAC-seq of CC_1; Whole soft tissues,Magallana gigas,Illumina NovaSeq 6000,Ocean University of China,SRP566191,ATAC-seq data from Crassostrea gigas strains with growth differences,SRS24172474,,6715.29,1,68997659,20688516344,CC-1,ATAC-seq,GENOMIC,RANDOM PCR
SRX24616601,Bisulfite-Seq of 0hg1; gill,Magallana gigas,Illumina NovaSeq 6000,Ocean University of China,SRP508865,Comparative DNA methylome analysis of Crassostrea gigas infected by Vibrio alginolyticus,SRS21353767,,9252.67,1,90521013,27156303900,FRAS202415260-1r,Bisulfite-Seq,GENOMIC,PCR
SRX24616602,Bisulfite-Seq of 0hg2; gill,Magallana gigas,Illumina NovaSeq 6000,Ocean University of China,SRP508865,Comparative DNA methylome analysis of Crassostrea gigas infected by Vibrio alginolyticus,SRS21353768,,8343.38,1,81256431,24376929300,FRAS202415261-1r,Bisulfite-Seq,GENOMIC,PCR
SRX24616603,Bisulfite-Seq of 0hg3; gill,Magallana gigas,Illumina NovaSeq 6000,Ocean University of China,SRP508865,Comparative DNA methylome analysis of Crassostrea gigas infected by Vibrio alginolyticus,SRS21353769,,8378.93,1,85162460,25548738000,FRAS202415262-1r,Bisulfite-Seq,GENOMIC,PCR
SRX24616604,Bisulfite-Seq of 6hg1; gill,Magallana gigas,Illumina NovaSeq 6000,Ocean University of China,SRP508865,Comparative DNA methylome analysis of Crassostrea gigas infected by Vibrio alginolyticus,SRS21353770,,8450.74,1,85014463,25504338900,FRAS202415263-1r,Bisulfite-Seq,GENOMIC,PCR
SRX24616605,Bisulfite-Seq of 6hg2; gill,Magallana gigas,Illumina NovaSeq 6000,Ocean University of China,SRP508865,Comparative DNA methylome analysis of Crassostrea gigas infected by Vibrio alginolyticus,SRS21353771,,8479.28,1,83010001,24903000300,FRAS202415264-1r,Bisulfite-Seq,GENOMIC,PCR
SRX24616606,Bisulfite-Seq of 6hg3; gill,Magallana gigas,Illumina NovaSeq 6000,Ocean University of China,SRP508865,Comparative DNA methylome analysis of Crassostrea gigas infected by Vibrio alginolyticus,SRS21353772,,10323.63,1,100655626,30196687800,FRAS202415265-1r,Bisulfite-Seq,GENOMIC,PCR
SRX24616607,Bisulfite-Seq of 48hg1; gill,Magallana gigas,Illumina NovaSeq 6000,Ocean University of China,SRP508865,Comparative DNA methylome analysis of Crassostrea gigas infected by Vibrio alginolyticus,SRS21353773,,7873.31,1,76570590,22971177000,FRAS202415266-1r,Bisulfite-Seq,GENOMIC,PCR
SRX24616608,Bisulfite-Seq of 48hg2; gill,Magallana gigas,Illumina NovaSeq 6000,Ocean University of China,SRP508865,Comparative DNA methylome analysis of Crassostrea gigas infected by Vibrio alginolyticus,SRS21353774,,9087.07,1,89094469,26728340700,FRAS202415267-1r,Bisulfite-Seq,GENOMIC,PCR
SRX15119866,WGBS of HH3; soft tissue,Magallana gigas,Illumina NovaSeq 6000,Ocean University of China,SRP373285,Comparative DNA methylome analysis of Crassostrea gigas with contrasted growth performance.,SRS12864003,,8730.56,1,88813928,26644178400,BDLM200001654-1A,Bisulfite-Seq,GENOMIC,PCR
SRX27795455,ATAC-seq of CH_2; Whole soft tissues,Magallana gigas,Illumina NovaSeq 6000,Ocean University of China,SRP566191,ATAC-seq data from Crassostrea gigas strains with growth differences,SRS24172473,,7185.89,1,73213269,21947791210,CH-2,ATAC-seq,GENOMIC,RANDOM PCR
SRX27795454,ATAC-seq of CH_1; Whole soft tissues,Magallana gigas,Illumina NovaSeq 6000,Ocean University of China,SRP566191,ATAC-seq data from Crassostrea gigas strains with growth differences,SRS24172472,,6199.16,1,63421577,19017675684,CH-1,ATAC-seq,GENOMIC,RANDOM PCR
SRX1822774,"medipped DNA from oyster gastrula embryos, biological replicate 3",Magallana gigas,Illumina Genome Analyzer IIx,University of Caen Normandy,SRP076169,Crassostrea gigas developmental genome-wide methylome dynamics,SRS1485813,Pacific oyster,346.96,1,4845324,688036008,,MeDIP-Seq,GENOMIC,5-methylcytidine antibody
SRX9640295,Whole genome bisulfite sequencing of triploid Crassostrea gigas at pH 7.7: adult ctenidia,Magallana gigas,Illumina NovaSeq 6000,University of Washington,SRP296747,Whole genome bisulfite sequencing (WGBS) of diploid and triploid Crassostrea gigas ctenidia exposed to different pH levels.,SRS7839929,Pacific oyster,5148.54,1,54311933,13793439476,3N_LOW_07,Bisulfite-Seq,GENOMIC,RANDOM
SRX9508706,"Whole genome bisulfite sequencing of adult triploid Crasstrea gigas ctenidia subjected to 24hrs of dessication at 27C, followed by 1hr heat stress at 45C.",Magallana gigas,Illumina NovaSeq 6000,University of Washington,SRP292561,Whole genome bisulfite sequencing of diploid and triploid Crassostrea gigas exposed to dessication and acute heat stress.,SRS7717238,Pacific oyster,6462.13,1,75217875,18971333399,zr3534_9,Bisulfite-Seq,GENOMIC,RANDOM
SRX9508707,"Whole genome bisulfite sequencing of adult triploid Crasstrea gigas ctenidia subjected to 24hrs of dessication at 27C, followed by 1hr heat stress at 45C.",Magallana gigas,Illumina NovaSeq 6000,University of Washington,SRP292561,Whole genome bisulfite sequencing of diploid and triploid Crassostrea gigas exposed to dessication and acute heat stress.,SRS7717239,Pacific oyster,6781.77,1,79094628,19957525524,zr3534_10,Bisulfite-Seq,GENOMIC,RANDOM
SRX9640292,Whole genome bisulfite sequencing of diploid Crassostrea gigas at pH 7.7: adult ctenidia,Magallana gigas,Illumina NovaSeq 6000,University of Washington,SRP296747,Whole genome bisulfite sequencing (WGBS) of diploid and triploid Crassostrea gigas ctenidia exposed to different pH levels.,SRS7839926,Pacific oyster,4592.56,1,52847841,13324835363,2N_LOW_04,Bisulfite-Seq,GENOMIC,RANDOM
SRX9640293,Whole genome bisulfite sequencing of diploid Crassostrea gigas at pH 7.7: adult ctenidia,Magallana gigas,Illumina NovaSeq 6000,University of Washington,SRP296747,Whole genome bisulfite sequencing (WGBS) of diploid and triploid Crassostrea gigas ctenidia exposed to different pH levels.,SRS7839927,Pacific oyster,4956.87,1,57092207,14387171521,2N_LOW_05,Bisulfite-Seq,GENOMIC,RANDOM
SRX9640294,Whole genome bisulfite sequencing of diploid Crassostrea gigas at pH 8.2: adult ctenidia,Magallana gigas,Illumina NovaSeq 6000,University of Washington,SRP296747,Whole genome bisulfite sequencing (WGBS) of diploid and triploid Crassostrea gigas ctenidia exposed to different pH levels.,SRS7839928,Pacific oyster,4611.42,1,52225074,13106275581,2N_HI_05,Bisulfite-Seq,GENOMIC,RANDOM
SRX9640297,Whole genome bisulfite sequencing of triploid Crassostrea gigas at pH 7.7: adult ctenidia,Magallana gigas,Illumina NovaSeq 6000,University of Washington,SRP296747,Whole genome bisulfite sequencing (WGBS) of diploid and triploid Crassostrea gigas ctenidia exposed to different pH levels.,SRS7839931,Pacific oyster,4158.62,1,47948800,12109487855,3N_LOW_10,Bisulfite-Seq,GENOMIC,RANDOM
SRX9640296,Whole genome bisulfite sequencing of triploid Crassostrea gigas at pH 7.7: adult ctenidia,Magallana gigas,Illumina NovaSeq 6000,University of Washington,SRP296747,Whole genome bisulfite sequencing (WGBS) of diploid and triploid Crassostrea gigas ctenidia exposed to different pH levels.,SRS7839930,Pacific oyster,4606.14,1,51337098,13007627849,3N_LOW_08,Bisulfite-Seq,GENOMIC,RANDOM
SRX9508704,Whole genome bisulfite sequencing of adult triploid Crasstrea gigas ctenidia subjected to 24hrs of dessication at 27C.,Magallana gigas,Illumina NovaSeq 6000,University of Washington,SRP292561,Whole genome bisulfite sequencing of diploid and triploid Crassostrea gigas exposed to dessication and acute heat stress.,SRS7717236,Pacific oyster,5849.33,1,67258007,16997389690,zr3534_7,Bisulfite-Seq,GENOMIC,RANDOM
SRX9640298,Whole genome bisulfite sequencing of triploid Crassostrea gigas at pH 7.7: adult ctenidia,Magallana gigas,Illumina NovaSeq 6000,University of Washington,SRP296747,Whole genome bisulfite sequencing (WGBS) of diploid and triploid Crassostrea gigas ctenidia exposed to different pH levels.,SRS7839932,Pacific oyster,3529.71,1,40743756,10242983490,3N_LOW_11,Bisulfite-Seq,GENOMIC,RANDOM
SRX9640299,Whole genome bisulfite sequencing of triploid Crassostrea gigas at pH 7.7: adult ctenidia,Magallana gigas,Illumina NovaSeq 6000,University of Washington,SRP296747,Whole genome bisulfite sequencing (WGBS) of diploid and triploid Crassostrea gigas ctenidia exposed to different pH levels.,SRS7839933,Pacific oyster,4665.64,1,53154280,13444842183,3N_LOW_12,Bisulfite-Seq,GENOMIC,RANDOM
SRX9640300,Whole genome bisulfite sequencing of diploid Crassostrea gigas at pH 8.2: adult ctenidia,Magallana gigas,Illumina NovaSeq 6000,University of Washington,SRP296747,Whole genome bisulfite sequencing (WGBS) of diploid and triploid Crassostrea gigas ctenidia exposed to different pH levels.,SRS7839934,Pacific oyster,4914.45,1,55879313,14254874194,2N_HI_08,Bisulfite-Seq,GENOMIC,RANDOM
SRX9640301,Whole genome bisulfite sequencing of diploid Crassostrea gigas at pH 8.2: adult ctenidia,Magallana gigas,Illumina NovaSeq 6000,University of Washington,SRP296747,Whole genome bisulfite sequencing (WGBS) of diploid and triploid Crassostrea gigas ctenidia exposed to different pH levels.,SRS7839935,Pacific oyster,3476.66,1,39620531,10032578352,2N_HI_09,Bisulfite-Seq,GENOMIC,RANDOM
SRX9508705,Whole genome bisulfite sequencing of adult triploid Crasstrea gigas ctenidia subjected to 24hrs of dessication at 27C.,Magallana gigas,Illumina NovaSeq 6000,University of Washington,SRP292561,Whole genome bisulfite sequencing of diploid and triploid Crassostrea gigas exposed to dessication and acute heat stress.,SRS7717237,Pacific oyster,8331.58,1,92209405,23166328084,zr3534_8,Bisulfite-Seq,GENOMIC,RANDOM
SRX9508703,Whole genome bisulfite sequencing of adult triploid Crasstrea gigas ctenidia subjected to 24hrs of dessication at 27C.,Magallana gigas,Illumina NovaSeq 6000,University of Washington,SRP292561,Whole genome bisulfite sequencing of diploid and triploid Crassostrea gigas exposed to dessication and acute heat stress.,SRS7717235,Pacific oyster,6630.72,1,76803843,19452263110,zr3534_6,Bisulfite-Seq,GENOMIC,RANDOM
SRX9640303,Whole genome bisulfite sequencing of diploid Crassostrea gigas at pH 8.2: adult ctenidia,Magallana gigas,Illumina NovaSeq 6000,University of Washington,SRP296747,Whole genome bisulfite sequencing (WGBS) of diploid and triploid Crassostrea gigas ctenidia exposed to different pH levels.,SRS7839938,Pacific oyster,4110.43,1,44881631,11382922440,2N_HI_11,Bisulfite-Seq,GENOMIC,RANDOM
SRX9508702,"Whole genome bisulfite sequencing of adult diploid Crasstrea gigas ctenidia subjected to 24hrs of dessication at 27C, followed by 1hr heat stress at 45C.",Magallana gigas,Illumina NovaSeq 6000,University of Washington,SRP292561,Whole genome bisulfite sequencing of diploid and triploid Crassostrea gigas exposed to dessication and acute heat stress.,SRS7717234,Pacific oyster,7366.47,1,85730862,21618377966,zr3534_5,Bisulfite-Seq,GENOMIC,RANDOM
SRX9508701,"Whole genome bisulfite sequencing of adult diploid Crasstrea gigas ctenidia subjected to 24hrs of dessication at 27C, followed by 1hr heat stress at 45C.",Magallana gigas,Illumina NovaSeq 6000,University of Washington,SRP292561,Whole genome bisulfite sequencing of diploid and triploid Crassostrea gigas exposed to dessication and acute heat stress.,SRS7717233,Pacific oyster,6679.18,1,76075752,19196767236,zr3534_4,Bisulfite-Seq,GENOMIC,RANDOM
SRX9508700,Whole genome bisulfite sequencing of adult diploid Crasstrea gigas ctenidia subjected to 24hrs of dessication at 27C.,Magallana gigas,Illumina NovaSeq 6000,University of Washington,SRP292561,Whole genome bisulfite sequencing of diploid and triploid Crassostrea gigas exposed to dessication and acute heat stress.,SRS7717232,Pacific oyster,6887.93,1,79350310,20199558667,zr3534_3,Bisulfite-Seq,GENOMIC,RANDOM
SRX9508699,Whole genome bisulfite sequencing of adult diploid Crasstrea gigas ctenidia subjected to 24hrs of dessication at 27C.,Magallana gigas,Illumina NovaSeq 6000,University of Washington,SRP292561,Whole genome bisulfite sequencing of diploid and triploid Crassostrea gigas exposed to dessication and acute heat stress.,SRS7717231,Pacific oyster,6618.09,1,76804380,19407317160,zr3534_2,Bisulfite-Seq,GENOMIC,RANDOM
SRX9508698,Whole genome bisulfite sequencing of adult diploid Crasstrea gigas ctenidia subjected to 24hrs of dessication at 27C.,Magallana gigas,Illumina NovaSeq 6000,University of Washington,SRP292561,Whole genome bisulfite sequencing of diploid and triploid Crassostrea gigas exposed to dessication and acute heat stress.,SRS7717230,Pacific oyster,6723.7,1,78029780,19680742915,zr3534_1,Bisulfite-Seq,GENOMIC,RANDOM
SRX7856346,BISULFITE-SEQ data from Crassostrea gigas F32 F2 H0 Exposed Replicate 3,Magallana gigas,HiSeq X Ten,University of Perpignan Via Domitia,SRP251710,Transgenerational adaptative phenotypic plasticity in infection resistance of Crassostrea gigas upon early microbial exposure,SRS6265403,Pacific oyster,13737.82,1,115959516,35019773832,HI.4852.006.NEBNext_Index_9.F32_EMP_F2_H0_NSI3,Bisulfite-Seq,OTHER,size fractionation
SRX7856345,BISULFITE-SEQ data from Crassostrea gigas F32 F2 H0 Exposed Replicate 2,Magallana gigas,HiSeq X Ten,University of Perpignan Via Domitia,SRP251710,Transgenerational adaptative phenotypic plasticity in infection resistance of Crassostrea gigas upon early microbial exposure,SRS6265402,Pacific oyster,14089.69,1,118605765,35818941030,HI.4852.005.NEBNext_Index_8.F32_EMP_F2_H0_NSI2,Bisulfite-Seq,OTHER,size fractionation
SRX7856344,BISULFITE-SEQ data from Crassostrea gigas F32 F2 H0 Exposed Replicate 1,Magallana gigas,HiSeq X Ten,University of Perpignan Via Domitia,SRP251710,Transgenerational adaptative phenotypic plasticity in infection resistance of Crassostrea gigas upon early microbial exposure,SRS6265401,Pacific oyster,15702.61,1,129565845,39128885190,HI.4852.005.NEBNext_Index_7.F32_EMP_F2_H0_NSI1,Bisulfite-Seq,OTHER,size fractionation
SRX7856343,BISULFITE-SEQ data from Crassostrea gigas F32 F2 H0 Control Replicate 3,Magallana gigas,HiSeq X Ten,University of Perpignan Via Domitia,SRP251710,Transgenerational adaptative phenotypic plasticity in infection resistance of Crassostrea gigas upon early microbial exposure,SRS6265400,Pacific oyster,16085.37,1,135986541,41067935382,HI.4852.006.NEBNext_Index_12.F32_EMP_F2_H0_C3,Bisulfite-Seq,OTHER,size fractionation
SRX7856342,BISULFITE-SEQ data from Crassostrea gigas F32 F2 H0 Control Replicate 2,Magallana gigas,HiSeq X Ten,University of Perpignan Via Domitia,SRP251710,Transgenerational adaptative phenotypic plasticity in infection resistance of Crassostrea gigas upon early microbial exposure,SRS6265398,Pacific oyster,15882.15,1,132404601,39986189502,HI.4852.006.NEBNext_Index_11.F32_EMP_F2_H0_C2,Bisulfite-Seq,OTHER,size fractionation
SRX7856341,BISULFITE-SEQ data from Crassostrea gigas F32 F2 H0 Control Replicate 1,Magallana gigas,HiSeq X Ten,University of Perpignan Via Domitia,SRP251710,Transgenerational adaptative phenotypic plasticity in infection resistance of Crassostrea gigas upon early microbial exposure,SRS6265397,Pacific oyster,12158.1,1,102401276,30925185352,HI.4852.006.NEBNext_Index_10.F32_EMP_F2_H0_C1,Bisulfite-Seq,OTHER,size fractionation
SRX7856338,BISULFITE-SEQ data from Crassostrea gigas F11 F2 H0 Exposed Replicate 3,Magallana gigas,HiSeq X Ten,University of Perpignan Via Domitia,SRP251710,Transgenerational adaptative phenotypic plasticity in infection resistance of Crassostrea gigas upon early microbial exposure,SRS6265464,Pacific oyster,13578.38,1,113035684,34136776568,HI.4852.004.NEBNext_Index_3.F11_EMP_F2_H0_NSI3,Bisulfite-Seq,OTHER,size fractionation
SRX9640302,Whole genome bisulfite sequencing of diploid Crassostrea gigas at pH 8.2: adult ctenidia,Magallana gigas,Illumina NovaSeq 6000,University of Washington,SRP296747,Whole genome bisulfite sequencing (WGBS) of diploid and triploid Crassostrea gigas ctenidia exposed to different pH levels.,SRS7839936,Pacific oyster,4522.79,1,50228886,12708355627,2N_HI_10,Bisulfite-Seq,GENOMIC,RANDOM
SRX9640305,Whole genome bisulfite sequencing of diploid Crassostrea gigas at pH 8.2: adult ctenidia,Magallana gigas,Illumina NovaSeq 6000,University of Washington,SRP296747,Whole genome bisulfite sequencing (WGBS) of diploid and triploid Crassostrea gigas ctenidia exposed to different pH levels.,SRS7839939,Pacific oyster,4758.9,1,54279403,13730738899,2N_HI_12,Bisulfite-Seq,GENOMIC,RANDOM
SRX9640304,Whole genome bisulfite sequencing of diploid Crassostrea gigas at pH 7.7: adult ctenidia,Magallana gigas,Illumina NovaSeq 6000,University of Washington,SRP296747,Whole genome bisulfite sequencing (WGBS) of diploid and triploid Crassostrea gigas ctenidia exposed to different pH levels.,SRS7839937,Pacific oyster,4169.46,1,47871006,12087819625,2N_LOW_06,Bisulfite-Seq,GENOMIC,RANDOM
SRX7856336,BISULFITE-SEQ data from Crassostrea gigas F11 F2 H0 Exposed Replicate 1,Magallana gigas,HiSeq X Ten,University of Perpignan Via Domitia,SRP251710,Transgenerational adaptative phenotypic plasticity in infection resistance of Crassostrea gigas upon early microbial exposure,SRS6265462,Pacific oyster,13505.29,1,113433808,34257010016,HI.4852.004.NEBNext_Index_1.F11_EMP_F2_H0_NSI1,Bisulfite-Seq,OTHER,size fractionation
SRX795176,"Crassostrea gigas DNA islated from larvae 72 hours post-fertilization (from Male oyster 1), bisulfite treated prior to sequencing",Magallana gigas,Illumina HiSeq 2000,University of Washington,SRP028178,Crassostrea gigas Epigenomics,SRS778679,Pacific oyster,503.18,2,5465974,830828048,Larvae 72hpf from male oyster 1,Bisulfite-Seq,GENOMIC,unspecified
SRX795178,"Crassostrea gigas DNA islated from larvae 120 hours post-fertilization (from Male oyster 1), bisulfite treated prior to sequencing",Magallana gigas,Illumina HiSeq 2000,University of Washington,SRP028178,Crassostrea gigas Epigenomics,SRS778681,Pacific oyster,570.89,2,6327160,961728320,Larvae 120hpf from male oyster 1,Bisulfite-Seq,GENOMIC,unspecified
SRX795179,"Crassostrea gigas DNA islated from larvae 120 hours post-fertilization (from Male oyster 3), bisulfite treated prior to sequencing",Magallana gigas,Illumina HiSeq 2000,University of Washington,SRP028178,Crassostrea gigas Epigenomics,SRS778682,Pacific oyster,675.94,2,7350645,1117298040,Larvae 120hpf from male oyster 3,Bisulfite-Seq,GENOMIC,unspecified
SRX14204639,WGBS of Crassostrea gigas: adult female gonad,Magallana gigas,Illumina NovaSeq 6000,Woods Hole Oceanographic Institution,SRP360168,Crassostrea gigas gonad methylation data,SRS12026783,Pacific oyster,12117.98,1,163170949,38104009645,zr3616_8,Bisulfite-Seq,GENOMIC,unspecified
SRX14204638,WGBS of Crassostrea gigas: adult female gonad,Magallana gigas,Illumina NovaSeq 6000,Woods Hole Oceanographic Institution,SRP360168,Crassostrea gigas gonad methylation data,SRS12026782,Pacific oyster,11257.65,1,150811300,35095703097,zr3616_7,Bisulfite-Seq,GENOMIC,unspecified
SRX14204637,WGBS of Crassostrea gigas: adult female gonad,Magallana gigas,Illumina NovaSeq 6000,Woods Hole Oceanographic Institution,SRP360168,Crassostrea gigas gonad methylation data,SRS12026781,Pacific oyster,14688.79,1,197572800,45086002518,zr3616_6,Bisulfite-Seq,GENOMIC,unspecified
SRX14204636,WGBS of Crassostrea gigas: adult female gonad,Magallana gigas,Illumina NovaSeq 6000,Woods Hole Oceanographic Institution,SRP360168,Crassostrea gigas gonad methylation data,SRS12026780,Pacific oyster,11250.95,1,150419008,34854207189,zr3616_5,Bisulfite-Seq,GENOMIC,unspecified
SRX14204635,WGBS of Crassostrea gigas: adult female gonad,Magallana gigas,Illumina NovaSeq 6000,Woods Hole Oceanographic Institution,SRP360168,Crassostrea gigas gonad methylation data,SRS12026779,Pacific oyster,14857.61,1,199920896,46927268007,zr3616_4,Bisulfite-Seq,GENOMIC,unspecified
SRX14204634,WGBS of Crassostrea gigas: adult female gonad,Magallana gigas,Illumina NovaSeq 6000,Woods Hole Oceanographic Institution,SRP360168,Crassostrea gigas gonad methylation data,SRS12026778,Pacific oyster,13884.29,1,190890981,43775323059,zr3616_3,Bisulfite-Seq,GENOMIC,unspecified
SRX14204633,WGBS of Crassostrea gigas: adult female gonad,Magallana gigas,Illumina NovaSeq 6000,Woods Hole Oceanographic Institution,SRP360168,Crassostrea gigas gonad methylation data,SRS12026777,Pacific oyster,12909.8,1,168555919,40273285155,zr3616_2,Bisulfite-Seq,GENOMIC,unspecified
SRX14204632,WGBS of Crassostrea gigas: adult female gonad,Magallana gigas,Illumina NovaSeq 6000,Woods Hole Oceanographic Institution,SRP360168,Crassostrea gigas gonad methylation data,SRS12026776,Pacific oyster,12456.81,1,162780101,38925929764,zr3616_1,Bisulfite-Seq,GENOMIC,unspecified
SRX9934561,BS-seq of Crassostrea gigasgill,Magallana gigas,HiSeq X Ten,Chinese Academy of Sciences,SRP303217,Epigenomics of wild Pacific oysters,SRS8109933,Pacific oyster,6286.48,1,66591146,19977343800,F0_LTX_3,Bisulfite-Seq,GENOMIC,size fractionation
SRX9934560,BS-seq of Crassostrea gigasgill,Magallana gigas,HiSeq X Ten,Chinese Academy of Sciences,SRP303217,Epigenomics of wild Pacific oysters,SRS8109933,Pacific oyster,7378.52,1,77628843,23288652900,F0_LTX_2,Bisulfite-Seq,GENOMIC,size fractionation
SRX9934559,BS-seq of Crassostrea gigasgill,Magallana gigas,HiSeq X Ten,Chinese Academy of Sciences,SRP303217,Epigenomics of wild Pacific oysters,SRS8109933,Pacific oyster,6138.18,1,65048760,19514628000,F0_LTX_1,Bisulfite-Seq,GENOMIC,size fractionation
SRX9934558,BS-seq of Crassostrea gigasgill,Magallana gigas,HiSeq X Ten,Chinese Academy of Sciences,SRP303217,Epigenomics of wild Pacific oysters,SRS8109933,Pacific oyster,6935.44,1,73268515,21980554500,F0_LTJ_3,Bisulfite-Seq,GENOMIC,size fractionation
SRX9934557,BS-seq of Crassostrea gigasgill,Magallana gigas,HiSeq X Ten,Chinese Academy of Sciences,SRP303217,Epigenomics of wild Pacific oysters,SRS8109933,Pacific oyster,6747.57,1,70381119,21114335700,F0_LTJ_2,Bisulfite-Seq,GENOMIC,size fractionation
SRX9934556,BS-seq of Crassostrea gigasgill,Magallana gigas,HiSeq X Ten,Chinese Academy of Sciences,SRP303217,Epigenomics of wild Pacific oysters,SRS8109933,Pacific oyster,5932.25,1,62210995,18663298500,F0_LTJ_1,Bisulfite-Seq,GENOMIC,size fractionation
SRX9640315,Whole genome bisulfite sequencing of triploid Crassostrea gigas at pH 7.7: adult ctenidia,Magallana gigas,Illumina NovaSeq 6000,University of Washington,SRP296747,Whole genome bisulfite sequencing (WGBS) of diploid and triploid Crassostrea gigas ctenidia exposed to different pH levels.,SRS7839949,Pacific oyster,4348.68,1,49611452,12503304066,3N_LOW_06,Bisulfite-Seq,GENOMIC,RANDOM
SRX9640314,Whole genome bisulfite sequencing of triploid Crassostrea gigas at pH 8.2: adult ctenidia,Magallana gigas,Illumina NovaSeq 6000,University of Washington,SRP296747,Whole genome bisulfite sequencing (WGBS) of diploid and triploid Crassostrea gigas ctenidia exposed to different pH levels.,SRS7839948,Pacific oyster,4507.73,1,51977624,13075606922,3N_HI_11,Bisulfite-Seq,GENOMIC,RANDOM
SRX9640313,Whole genome bisulfite sequencing of triploid Crassostrea gigas at pH 8.2: adult ctenidia,Magallana gigas,Illumina NovaSeq 6000,University of Washington,SRP296747,Whole genome bisulfite sequencing (WGBS) of diploid and triploid Crassostrea gigas ctenidia exposed to different pH levels.,SRS7839947,Pacific oyster,5046.74,1,58612409,14736153342,3N_HI_10,Bisulfite-Seq,GENOMIC,RANDOM
SRX9640312,Whole genome bisulfite sequencing of triploid Crassostrea gigas at pH 8.2: adult ctenidia,Magallana gigas,Illumina NovaSeq 6000,University of Washington,SRP296747,Whole genome bisulfite sequencing (WGBS) of diploid and triploid Crassostrea gigas ctenidia exposed to different pH levels.,SRS7839946,Pacific oyster,4610.41,1,51910846,12940812914,3N_HI_08,Bisulfite-Seq,GENOMIC,RANDOM
SRX9640311,Whole genome bisulfite sequencing of triploid Crassostrea gigas at pH 8.2: adult ctenidia,Magallana gigas,Illumina NovaSeq 6000,University of Washington,SRP296747,Whole genome bisulfite sequencing (WGBS) of diploid and triploid Crassostrea gigas ctenidia exposed to different pH levels.,SRS7839945,Pacific oyster,5179.89,1,59408352,15033695703,3N_HI_05,Bisulfite-Seq,GENOMIC,RANDOM
SRX9640310,Whole genome bisulfite sequencing of triploid Crassostrea gigas at pH 8.2: adult ctenidia,Magallana gigas,Illumina NovaSeq 6000,University of Washington,SRP296747,Whole genome bisulfite sequencing (WGBS) of diploid and triploid Crassostrea gigas ctenidia exposed to different pH levels.,SRS7839944,Pacific oyster,3367.72,1,37045803,9356858961,3N_HI_03,Bisulfite-Seq,GENOMIC,RANDOM
SRX9640309,Whole genome bisulfite sequencing of triploid Crassostrea gigas at pH 8.2: adult ctenidia,Magallana gigas,Illumina NovaSeq 6000,University of Washington,SRP296747,Whole genome bisulfite sequencing (WGBS) of diploid and triploid Crassostrea gigas ctenidia exposed to different pH levels.,SRS7839943,Pacific oyster,4738.88,1,54135312,13753130617,3N_HI_02,Bisulfite-Seq,GENOMIC,RANDOM
SRX9640308,Whole genome bisulfite sequencing of diploid Crassostrea gigas at pH 7.7: adult ctenidia,Magallana gigas,Illumina NovaSeq 6000,University of Washington,SRP296747,Whole genome bisulfite sequencing (WGBS) of diploid and triploid Crassostrea gigas ctenidia exposed to different pH levels.,SRS7839942,Pacific oyster,4179.14,1,49101606,12158018996,2N_LOW_03,Bisulfite-Seq,GENOMIC,RANDOM
SRX9640307,Whole genome bisulfite sequencing of diploid Crassostrea gigas at pH 7.7: adult ctenidia,Magallana gigas,Illumina NovaSeq 6000,University of Washington,SRP296747,Whole genome bisulfite sequencing (WGBS) of diploid and triploid Crassostrea gigas ctenidia exposed to different pH levels.,SRS7839941,Pacific oyster,3823.51,1,43149301,10887823307,2N_LOW_02,Bisulfite-Seq,GENOMIC,RANDOM
SRX9640306,Whole genome bisulfite sequencing of diploid Crassostrea gigas at pH 7.7: adult ctenidia,Magallana gigas,Illumina NovaSeq 6000,University of Washington,SRP296747,Whole genome bisulfite sequencing (WGBS) of diploid and triploid Crassostrea gigas ctenidia exposed to different pH levels.,SRS7839940,Pacific oyster,7300.68,1,82933633,21035312346,2N_LOW_01,Bisulfite-Seq,GENOMIC,RANDOM
SRX7856337,BISULFITE-SEQ data from Crassostrea gigas F11 F2 H0 Exposed Replicate 2,Magallana gigas,HiSeq X Ten,University of Perpignan Via Domitia,SRP251710,Transgenerational adaptative phenotypic plasticity in infection resistance of Crassostrea gigas upon early microbial exposure,SRS6265463,Pacific oyster,16520.19,1,138493145,41824929790,HI.4852.004.NEBNext_Index_2.F11_EMP_F2_H0_NSI2,Bisulfite-Seq,OTHER,size fractionation
SRX7856335,BISULFITE-SEQ data from Crassostrea gigas F11 F2 H0 Control Replicate 3,Magallana gigas,HiSeq X Ten,University of Perpignan Via Domitia,SRP251710,Transgenerational adaptative phenotypic plasticity in infection resistance of Crassostrea gigas upon early microbial exposure,SRS6265461,Pacific oyster,13439.45,1,111016728,33527051856,HI.4852.005.NEBNext_Index_6.F11_EMP_F2_H0_C3,Bisulfite-Seq,OTHER,size fractionation
SRX1822776,"medipped DNA from oyster trocophore larvae, biological replicate 2",Magallana gigas,Illumina Genome Analyzer IIx,University of Caen Normandy,SRP076169,Crassostrea gigas developmental genome-wide methylome dynamics,SRS1485815,Pacific oyster,517.67,1,7149123,1015175466,,MeDIP-Seq,GENOMIC,5-methylcytidine antibody
SRX6799168,BS-seq of Crassostrea gigasgill,Magallana gigas,HiSeq X Ten,University of Chinese Academy of Science,SRP220243,Crassostrea gigas Epigenomics,SRS5341847,Pacific oyster,9339.65,1,79818903,23945670900,SubH_1,Bisulfite-Seq,GENOMIC,size fractionation
SRX1822771,"medipped DNA from oyster blastula embryos, biological replicate 3",Magallana gigas,Illumina Genome Analyzer IIx,University of Caen Normandy,SRP076169,Crassostrea gigas developmental genome-wide methylome dynamics,SRS1485810,Pacific oyster,162.7,1,2335948,331704616,,MeDIP-Seq,GENOMIC,5-methylcytidine antibody
SRX1822772,"medipped DNA from oyster gastrula embryos, biological replicate 1",Magallana gigas,Illumina Genome Analyzer IIx,University of Caen Normandy,SRP076169,Crassostrea gigas developmental genome-wide methylome dynamics,SRS1485811,Pacific oyster,237.69,1,3304132,469186744,,MeDIP-Seq,GENOMIC,5-methylcytidine antibody
SRX1822773,"medipped DNA from oyster gastrula embryos, biological replicate 2",Magallana gigas,Illumina Genome Analyzer IIx,University of Caen Normandy,SRP076169,Crassostrea gigas developmental genome-wide methylome dynamics,SRS1485812,Pacific oyster,369.51,1,5172534,734499828,,MeDIP-Seq,GENOMIC,5-methylcytidine antibody
SRX7856304,BISULFITE-SEQ data from Crassostrea gigas F32 F1 D10 Exposed Replicate 1,Magallana gigas,HiSeq X Ten,University of Perpignan Via Domitia,SRP251710,Transgenerational adaptative phenotypic plasticity in infection resistance of Crassostrea gigas upon early microbial exposure,SRS6265381,Pacific oyster,16372.32,1,144817285,43734820070,HI.4867.004.NEBNext_Index_13.F32_J10_F1_NSI1,Bisulfite-Seq,OTHER,size fractionation
SRX7856303,BISULFITE-SEQ data from Crassostrea gigas F32 F1 D10 Control Replicate 3,Magallana gigas,HiSeq X Ten,University of Perpignan Via Domitia,SRP251710,Transgenerational adaptative phenotypic plasticity in infection resistance of Crassostrea gigas upon early microbial exposure,SRS6265380,Pacific oyster,13110.58,1,116210679,35095625058,HI.4867.005.NEBNext_Index_19.F32_J10_F1_C3,Bisulfite-Seq,OTHER,size fractionation
SRX7856302,BISULFITE-SEQ data from Crassostrea gigas F32 F1 D10 Control Replicate 2,Magallana gigas,HiSeq X Ten,University of Perpignan Via Domitia,SRP251710,Transgenerational adaptative phenotypic plasticity in infection resistance of Crassostrea gigas upon early microbial exposure,SRS6265379,Pacific oyster,15049.47,1,133638983,40358972866,HI.4867.005.NEBNext_Index_18.F32_J10_F1_C2,Bisulfite-Seq,OTHER,size fractionation
SRX7856301,BISULFITE-SEQ data from Crassostrea gigas F32 F1 D10 Control Replicate 1,Magallana gigas,HiSeq X Ten,University of Perpignan Via Domitia,SRP251710,Transgenerational adaptative phenotypic plasticity in infection resistance of Crassostrea gigas upon early microbial exposure,SRS6265378,Pacific oyster,13054.51,1,113392336,34244485472,HI.4867.004.NEBNext_Index_16.F32_J10_F1_C1,Bisulfite-Seq,OTHER,size fractionation
SRX7856300,BISULFITE-SEQ data from Crassostrea gigas F11 F1 D10 Exposed Replicate 3,Magallana gigas,HiSeq X Ten,University of Perpignan Via Domitia,SRP251710,Transgenerational adaptative phenotypic plasticity in infection resistance of Crassostrea gigas upon early microbial exposure,SRS6265521,Pacific oyster,17133.78,1,148046003,44709892906,HI.4867.001.NEBNext_Index_3.F11_J10_F1_NSI3,Bisulfite-Seq,OTHER,size fractionation
SRX7856299,BISULFITE-SEQ data from Crassostrea gigas F11 F1 D10 Exposed Replicate 2,Magallana gigas,HiSeq X Ten,University of Perpignan Via Domitia,SRP251710,Transgenerational adaptative phenotypic plasticity in infection resistance of Crassostrea gigas upon early microbial exposure,SRS6265520,Pacific oyster,11591.2,1,102699990,31015396980,HI.4867.001.NEBNext_Index_2.F11_J10_F1_NSI2,Bisulfite-Seq,OTHER,size fractionation
SRX7856298,BISULFITE-SEQ data from Crassostrea gigas F11 F1 D10 Exposed Replicate 1,Magallana gigas,HiSeq X Ten,University of Perpignan Via Domitia,SRP251710,Transgenerational adaptative phenotypic plasticity in infection resistance of Crassostrea gigas upon early microbial exposure,SRS6265519,Pacific oyster,14945.21,1,128959477,38945762054,HI.4867.001.NEBNext_Index_1.F11_J10_F1_NSI1,Bisulfite-Seq,OTHER,size fractionation
SRX7856297,BISULFITE-SEQ data from Crassostrea gigas F11 F1 D10 Control Replicate 3,Magallana gigas,HiSeq X Ten,University of Perpignan Via Domitia,SRP251710,Transgenerational adaptative phenotypic plasticity in infection resistance of Crassostrea gigas upon early microbial exposure,SRS6265518,Pacific oyster,7594.52,1,67367660,20345033320,HI.4867.002.NEBNext_Index_6.F11_J10_F1_C3,Bisulfite-Seq,OTHER,size fractionation
SRX7856295,BISULFITE-SEQ data from Crassostrea gigas F11 F1 D10 Control Replicate 2,Magallana gigas,HiSeq X Ten,University of Perpignan Via Domitia,SRP251710,Transgenerational adaptative phenotypic plasticity in infection resistance of Crassostrea gigas upon early microbial exposure,SRS6265516,Pacific oyster,15127.55,1,132655871,40062073042,HI.4867.002.NEBNext_Index_5.F11_J10_F1_C2,Bisulfite-Seq,OTHER,size fractionation
SRX7856294,BISULFITE-SEQ data from Crassostrea gigas F11 F1 D10 Control Replicate 1,Magallana gigas,HiSeq X Ten,University of Perpignan Via Domitia,SRP251710,Transgenerational adaptative phenotypic plasticity in infection resistance of Crassostrea gigas upon early microbial exposure,SRS6265515,Pacific oyster,13089.08,1,116690127,35240418354,HI.4867.001.NEBNext_Index_4.F11_J10_F1_C1,Bisulfite-Seq,OTHER,size fractionation
SRX6799167,BS-seq of Crassostrea gigasgill,Magallana gigas,HiSeq X Ten,University of Chinese Academy of Science,SRP220243,Crassostrea gigas Epigenomics,SRS5341847,Pacific oyster,8200.2,1,70095226,21028567800,SubC_3,Bisulfite-Seq,GENOMIC,size fractionation
SRX1822769,"medipped DNA from oyster morula embryos, biological replicate 3",Magallana gigas,Illumina Genome Analyzer IIx,University of Caen Normandy,SRP076169,Crassostrea gigas developmental genome-wide methylome dynamics,SRS1485808,Pacific oyster,231.67,1,3252281,461823902,,MeDIP-Seq,GENOMIC,5-methylcytidine antibody
SRX6799166,BS-seq of Crassostrea gigasgill,Magallana gigas,HiSeq X Ten,University of Chinese Academy of Science,SRP220243,Crassostrea gigas Epigenomics,SRS5341847,Pacific oyster,9718.22,1,81490382,24447114600,SubC_2,Bisulfite-Seq,GENOMIC,size fractionation
SRX6799165,BS-seq of Crassostrea gigasgill,Magallana gigas,HiSeq X Ten,University of Chinese Academy of Science,SRP220243,Crassostrea gigas Epigenomics,SRS5341847,Pacific oyster,8794.06,1,74770544,22431163200,SubC_1,Bisulfite-Seq,GENOMIC,size fractionation
